month,tprev,tavg,tempmax,tempmin,prcp,wspd,pres,pprev,pdiff,cloudcvr
01-01-2023 00:00,,21.1,31.3,13.9,0,3.2,1016.5,,,16.1
02-01-2023 00:00,21.1,21.4,30.3,12.1,0,3.5,1016.7,1016.5,,0
03-01-2023 00:00,21.4,21.7,29.6,13.1,0,3.2,1016.2,1016.7,,16.9
04-01-2023 00:00,21.7,21.4,28.3,15.2,0,3.5,1015.1,1016.2,,37.9
05-01-2023 00:00,21.4,21.5,28.3,16.4,0,4.3,1016.1,1015.1,,44
06-01-2023 00:00,21.5,21.8,27.1,16.9,0,6.9,1017.6,1016.1,,32.4
07-01-2023 00:00,21.8,21.6,26.1,17.4,0,6.3,1017.6,1017.6,,30.9
08-01-2023 00:00,21.6,20.2,27.1,14.7,0,5,1016.6,1017.6,,5.7
09-01-2023 00:00,20.2,19,27.7,10.2,0,4.7,1017.9,1016.6,,0
10-01-2023 00:00,19,18.8,28.3,8.7,0,5.6,1017.3,1017.9,,0
11-01-2023 00:00,18.8,20,30.8,9.4,0,5.6,1015,1017.3,,0
12-01-2023 00:00,20,19.9,30.1,9.4,0,5.1,1013.5,1015,,0
13-01-2023 00:00,19.9,19,30,10.7,0,6.4,1014.2,1013.5,,2.5
14-01-2023 00:00,19,18.9,28.3,10.9,0,5.4,1014,1014.2,,12.2
15-01-2023 00:00,18.9,20.1,29.3,11.5,0,6.9,1012.6,1014,,20.8
16-01-2023 00:00,20.1,20.1,31.6,12.1,0,6.3,1012.6,1012.6,,0
17-01-2023 00:00,20.1,20.4,32,12.4,0,4.8,1013.3,1012.6,,0
18-01-2023 00:00,20.4,21,30.3,11.4,0,4.9,1014.5,1013.3,,0
19-01-2023 00:00,21,21.5,31,11.7,0,5.7,1014.6,1014.5,,0
20-01-2023 00:00,21.5,21.4,30.6,13.1,0,5.8,1014.2,1014.6,,0
21-01-2023 00:00,21.4,21.1,29.1,13.9,0,4.9,1014.1,1014.2,,4.1
22-01-2023 00:00,21.1,20.7,30,12.7,0,5.7,1013.3,1014.1,,0.9
23-01-2023 00:00,20.7,20.5,30.3,12.9,0,6.7,1012.6,1013.3,,0.3
24-01-2023 00:00,20.5,20.7,30.3,13.9,0,7.6,1012.5,1012.6,,3.4
25-01-2023 00:00,20.7,20.9,30,14.9,0.2,5.6,1012.5,1012.5,,22
26-01-2023 00:00,20.9,22.5,30.6,16.3,0.8,5.6,1012.7,1012.5,,33
27-01-2023 00:00,22.5,22.8,30.6,16.7,0,7.4,1012.9,1012.7,,29.8
28-01-2023 00:00,22.8,21.6,30.3,12.7,0,7.7,1012.1,1012.9,,1.5
29-01-2023 00:00,21.6,21.3,31,13.1,0,8.3,1011,1012.1,,19.8
30-01-2023 00:00,21.3,22.1,29.3,16.1,0,5.1,1013.3,1011,,55.9
31-01-2023 00:00,22.1,21.9,29.3,15.4,0,7.1,1013.8,1013.3,,30.7
01-02-2023 00:00,21.9,21.8,27.9,15.9,0,8.6,1014.1,1013.8,,23.7
02-02-2023 00:00,21.8,21.7,28.6,15.1,0,7.5,1014.1,1014.1,,12
03-02-2023 00:00,21.7,21.4,29,13.1,0,6.9,1014.7,1014.1,,40.6
04-02-2023 00:00,21.4,21.9,30.6,12.1,0,5.4,1013.2,1014.7,,4.5
05-02-2023 00:00,21.9,22.5,31.6,12.1,0,5.8,1012.3,1013.2,,1.3
06-02-2023 00:00,22.5,22.8,33.6,12.7,0,6.5,1012.3,1012.3,,4.7
07-02-2023 00:00,22.8,22.6,31,13.1,0,5.5,1012.1,1012.3,,35.8
08-02-2023 00:00,22.6,23,31.6,13.4,0,6,1012.8,1012.1,,68.5
09-02-2023 00:00,23,23.6,33,12.7,0,5.9,1013.2,1012.8,,31.1
10-02-2023 00:00,23.6,24.6,33.3,12.7,0,5.8,1014.1,1013.2,,1.9
11-02-2023 00:00,24.6,24.6,33.8,12.9,0,6.4,1014.6,1014.1,,2.9
12-02-2023 00:00,24.6,23.8,33,12.1,0,6.9,1015.3,1014.6,,0
13-02-2023 00:00,23.8,22.4,30.6,12.2,0,8,1016,1015.3,,0
14-02-2023 00:00,22.4,22,31,11.1,0,7,1015.5,1016,,0
15-02-2023 00:00,22,23,32.3,9.9,0,7.4,1013.8,1015.5,,7.1
16-02-2023 00:00,23,23.4,32.9,10.9,0,9,1014.1,1013.8,,0
17-02-2023 00:00,23.4,23.8,33.6,11.7,0,8.5,1014.3,1014.1,,0
18-02-2023 00:00,23.8,23.7,33,11.4,0,8.2,1014.1,1014.3,,0
19-02-2023 00:00,23.7,23.1,32.3,10.7,0,7.8,1014,1014.1,,0
20-02-2023 00:00,23.1,24.6,33.6,11.9,0,6.8,1013.6,1014,,0
21-02-2023 00:00,24.6,25,35,13.9,0,5.4,1013.7,1013.6,,0.9
22-02-2023 00:00,25,25,34.6,13.7,0,6,1013.2,1013.7,,29.8
23-02-2023 00:00,25,24.9,33.8,14.2,0,6.9,1013,1013.2,,0
24-02-2023 00:00,24.9,25.1,34.6,12.9,0,6.9,1013.9,1013,,0
25-02-2023 00:00,25.1,25.4,33.6,14.1,0,6.6,1015.5,1013.9,,5.8
26-02-2023 00:00,25.4,25.1,33.6,13.7,0,6.9,1016.1,1015.5,,0
27-02-2023 00:00,25.1,25.5,34.6,14.1,0,7.6,1015.7,1016.1,,1.4
28-02-2023 00:00,25.5,25.3,33.1,13.9,0,6.9,1015.4,1015.7,,14.1
01-03-2023 00:00,25.3,24.9,33.6,13.4,0,6.5,1016,1015.4,,14.4
02-03-2023 00:00,24.9,25.3,32.8,16.2,0,7.6,1016.5,1016,,2.1
03-03-2023 00:00,25.3,26.4,33.3,17.1,0,8.4,1016.9,1016.5,,5.4
04-03-2023 00:00,26.4,26.6,34.6,17.4,0,6.5,1016.4,1016.9,,31.1
05-03-2023 00:00,26.6,26.5,34.3,17.2,0.4,6.8,1016.1,1016.4,,22.9
06-03-2023 00:00,26.5,24.8,32.6,17.4,1.7,8.4,1015.6,1016.1,,26.3
07-03-2023 00:00,24.8,22.1,29.5,17.1,4.9,8.2,1016.6,1015.6,,48.8
08-03-2023 00:00,22.1,23.8,32.5,14.1,0,6.1,1015.3,1016.6,,28.5
09-03-2023 00:00,23.8,25.3,32.2,18.4,0,7.3,1014.3,1015.3,,50
10-03-2023 00:00,25.3,25.3,33,17.9,0,6.6,1013.4,1014.3,,31.2
11-03-2023 00:00,25.3,25.7,33.6,16.1,0,8,1013.3,1013.4,,30.2
12-03-2023 00:00,25.7,26.4,33.6,17.9,0,7.8,1012.7,1013.3,,48
13-03-2023 00:00,26.4,26.6,33.8,17.2,0,7.3,1011.7,1012.7,,52.9
14-03-2023 00:00,26.6,26.5,33.8,18.4,0,7.8,1010.2,1011.7,,55.5
15-03-2023 00:00,26.5,26.1,33.1,19.7,0,7.8,1009.3,1010.2,,75.8
16-03-2023 00:00,26.1,23.2,30.1,17.9,1.4,7.3,1011.4,1009.3,,52.2
17-03-2023 00:00,23.2,23.1,30.6,15.9,0.1,5.3,1011.4,1011.4,,60.4
18-03-2023 00:00,23.1,23.6,30.6,17.4,0,6.4,1010.1,1011.4,,30.7
19-03-2023 00:00,23.6,23.8,31,15.9,0,8.7,1009.7,1010.1,,30.9
20-03-2023 00:00,23.8,22.8,30.3,16.9,0,8.8,1009.4,1009.7,,16
21-03-2023 00:00,22.8,22.2,29,16.8,1.2,8.8,1010.4,1009.4,,27.4
22-03-2023 00:00,22.2,22.7,30.2,15.7,0,8.4,1011.1,1010.4,,21.5
23-03-2023 00:00,22.7,23.3,31,17.7,0,8.5,1011,1011.1,,23.9
24-03-2023 00:00,23.3,23.9,32.6,15.7,0,8.2,1011,1011,,6.4
25-03-2023 00:00,23.9,23.6,33,16.1,0,7.8,1011.7,1011,,3.8
26-03-2023 00:00,23.6,23.1,33.6,13.7,0,7.6,1011.5,1011.7,,0.4
27-03-2023 00:00,23.1,23.7,33.1,15.7,0,6.8,1011.3,1011.5,,44.2
28-03-2023 00:00,23.7,24.3,34.1,15.9,0,7.3,1010.5,1011.3,,43.3
29-03-2023 00:00,24.3,25.2,35.1,17.1,0,7.3,1010.8,1010.5,,10.9
30-03-2023 00:00,25.2,23.5,32.1,16.4,0,8.9,1010.7,1010.8,,20.6
31-03-2023 00:00,23.5,24.2,31.6,19.2,0,10.1,1010.3,1010.7,,36.5
01-04-2023 00:00,24.2,24.5,33.3,16.7,0,8.6,1010.7,1010.3,,19.8
02-04-2023 00:00,24.5,24.1,33.8,16.4,0,8.4,1010.3,1010.7,,14.3
03-04-2023 00:00,24.1,24.5,34,17.6,0,7.9,1009.9,1010.3,,25.7
04-04-2023 00:00,24.5,26.6,35.8,19.7,0,6.7,1010.3,1009.9,,29.5
05-04-2023 00:00,26.6,27.8,36,19.9,0,7.9,1010.2,1010.3,,31.9
06-04-2023 00:00,27.8,28.3,36.8,19.7,0,7.5,1010.4,1010.2,,37.6
07-04-2023 00:00,28.3,27.8,34.1,21.1,0,7.1,1011.9,1010.4,,45.8
08-04-2023 00:00,27.8,27.4,33.3,22,0.5,7.7,1014.3,1011.9,,50.4
09-04-2023 00:00,27.4,26.2,36.3,20.4,0,6.4,1014.3,1014.3,,32.6
10-04-2023 00:00,26.2,29.4,36.1,20.2,7.1,6.6,1012.3,1014.3,,32.7
11-04-2023 00:00,29.4,28.8,38.3,21.1,0,8,1012.1,1012.3,,28
12-04-2023 00:00,28.8,29.8,38.1,21.7,0,7,1011.4,1012.1,,31
13-04-2023 00:00,29.8,29.1,37.1,20.7,0.1,7.3,1011.5,1011.4,,75.2
14-04-2023 00:00,29.1,28.9,35.6,20.1,0,6.4,1011.4,1011.5,,78.8
15-04-2023 00:00,28.9,26.1,37,21.7,0,6.7,1011.5,1011.4,,45.7
16-04-2023 00:00,26.1,26.4,33.6,19.1,4.1,6.1,1010.1,1011.5,,22.4
17-04-2023 00:00,26.4,27.6,37.1,20.1,0,6.4,1010.1,1010.1,,36.9
18-04-2023 00:00,27.6,29.2,38.3,20.4,0,7.1,1010.6,1010.1,,35.9
19-04-2023 00:00,29.2,30,39,21.1,0,6.3,1008.4,1010.6,,14.3
20-04-2023 00:00,30,28.7,37.9,22.1,0,7.8,1006.6,1008.4,,28.3
21-04-2023 00:00,28.7,27.1,36.1,18.7,0,8.4,1007,1006.6,,5.5
22-04-2023 00:00,27.1,25.8,34,17.2,0,9.8,1007.7,1007,,5.3
23-04-2023 00:00,25.8,25.9,35,19.1,0,9.2,1007.6,1007.7,,23
24-04-2023 00:00,25.9,27.7,36.8,19.9,0,7.4,1007.9,1007.6,,43
25-04-2023 00:00,27.7,28.2,36.8,20.4,0,8.6,1008.1,1007.9,,40.3
26-04-2023 00:00,28.2,26.9,35,20.9,0,8.7,1008.9,1008.1,,57.6
27-04-2023 00:00,26.9,26.9,34.3,21.4,0.1,6.7,1009.1,1008.9,,41.6
28-04-2023 00:00,26.9,27.6,33.1,22.2,0,7.5,1010,1009.1,,31.1
29-04-2023 00:00,27.6,27.8,34,21.7,0,7,1009.1,1010,,24
30-04-2023 00:00,27.8,25.7,33.6,20.2,0,8.8,1007.8,1009.1,,19.6
01-05-2023 00:00,25.7,25.5,33.8,19.7,0,8.9,1007.8,1007.8,,23.7
02-05-2023 00:00,25.5,25.3,30.8,19.4,0.2,6.8,1008.8,1007.8,,32.7
03-05-2023 00:00,25.3,25.9,33.3,21.2,0,8,1010.1,1008.8,,34.6
04-05-2023 00:00,25.9,26.5,33.2,20.1,5.1,6.9,1009.2,1010.1,,41.3
05-05-2023 00:00,26.5,27.8,34.8,21.2,0,7.6,1008.3,1009.2,,48.7
06-05-2023 00:00,27.8,27,34.4,21.9,0.2,6.7,1008.4,1008.3,,47.2
07-05-2023 00:00,27,28.2,34.1,23,0.5,6.6,1008.7,1008.4,,61.3
08-05-2023 00:00,28.2,28.6,35.1,24.2,0,7.8,1008.1,1008.7,,84.7
09-05-2023 00:00,28.6,29.9,35.6,23.5,8.9,5.8,1008.2,1008.1,,93.2
10-05-2023 00:00,29.9,31.8,39.1,24.3,0,6.9,1007.1,1008.2,,74.5
11-05-2023 00:00,31.8,31,40.3,23.7,0,7.5,1007.3,1007.1,,62.1
12-05-2023 00:00,31,30.4,40,24.3,0,10.8,1007.8,1007.3,,33.1
13-05-2023 00:00,30.4,29.3,37.8,24,0,14,1008.8,1007.8,,24.1
14-05-2023 00:00,29.3,28.6,36.8,23.1,0,13.1,1008.3,1008.8,,25.5
15-05-2023 00:00,28.6,28,35.1,22.9,0,12.4,1009.1,1008.3,,24.7
16-05-2023 00:00,28,27.7,35.1,22.5,0,12.1,1010.9,1009.1,,23.6
17-05-2023 00:00,27.7,28.7,37.8,21.5,0,10.2,1010.6,1010.9,,18.4
18-05-2023 00:00,28.7,29.2,38.3,22.6,0,9.8,1011.6,1010.6,,25.6
19-05-2023 00:00,29.2,29.8,39.1,22.4,0,9,1010,1011.6,,10.8
20-05-2023 00:00,29.8,29,38,22.9,0,9.8,1009.6,1010,,22.8
21-05-2023 00:00,29,28.4,38,22.7,0,10.3,1010.3,1009.6,,24.9
22-05-2023 00:00,28.4,29,37.8,22.7,0,9.5,1010.7,1010.3,,19.1
23-05-2023 00:00,29,29.7,39.8,23.5,0,9.1,1010.6,1010.7,,23.7
24-05-2023 00:00,29.7,28.8,37,23.6,0,11.6,1010.6,1010.6,,18.7
25-05-2023 00:00,28.8,27.8,35.6,23.5,0,14.5,1011.3,1010.6,,17
26-05-2023 00:00,27.8,27.4,35,23.5,0.6,14.8,1011.7,1011.3,,41.3
27-05-2023 00:00,27.4,27.2,35.3,22.3,0,12.7,1010.8,1011.7,,22.9
28-05-2023 00:00,27.2,28,36.8,22.7,0,12.4,1009.7,1010.8,,23.4
29-05-2023 00:00,28,28.3,38,22.9,0,8.8,1009.3,1009.7,,23.3
30-05-2023 00:00,28.3,29.2,38.3,23.1,0,8,1009.3,1009.3,,27.4
31-05-2023 00:00,29.2,30.1,39.1,23.3,0,8.3,1008.7,1009.3,,44.2
01-06-2023 00:00,30.1,29.4,39.3,22.9,0,9.9,1008.6,1008.7,,24.9
02-06-2023 00:00,29.4,29.1,36,23.1,7.1,12.1,1009.4,1008.6,,13.7
03-06-2023 00:00,29.1,29.8,36.1,23.4,0,12.1,1009,1009.4,,25
04-06-2023 00:00,29.8,26.9,32.1,22.9,0.7,10.2,1009.3,1009,,37.7
05-06-2023 00:00,26.9,27.6,33.8,23.1,0,10.9,1008.3,1009.3,,41
06-06-2023 00:00,27.6,28.3,35.6,22.9,0,10.5,1007.8,1008.3,,26.1
07-06-2023 00:00,28.3,28.4,36,23.9,0,11.5,1007.7,1007.8,,37.9
08-06-2023 00:00,28.4,28.4,36.6,23.2,0,11.5,1008,1007.7,,53.5
09-06-2023 00:00,28.4,28,35.8,23.7,7,9.7,1006.4,1008,,37.1
10-06-2023 00:00,28,28.2,34.3,25,3.1,14.1,1005.1,1006.4,,42.5
11-06-2023 00:00,28.2,27.8,35.8,24.4,0.8,12.6,1004.9,1005.1,,38.9
12-06-2023 00:00,27.8,28.2,36,24.2,0,14.3,1004.4,1004.9,,29.1
13-06-2023 00:00,28.2,27.2,31.6,24.4,1,17.9,1005.7,1004.4,,44.4
14-06-2023 00:00,27.2,26.5,31.1,23.8,1.8,18.2,1007.5,1005.7,,55
15-06-2023 00:00,26.5,27.2,33.1,24.4,0.6,17.8,1007.8,1007.5,,50
16-06-2023 00:00,27.2,26.5,32.6,24.3,0.3,19.8,1007.2,1007.8,,56.2
17-06-2023 00:00,26.5,28.1,33.1,24.6,0.3,16.8,1007.6,1007.2,,58.3
18-06-2023 00:00,28.1,28.3,33,24.2,0,16.8,1007.8,1007.6,,59.2
19-06-2023 00:00,28.3,28.6,34.6,23.4,0,15.1,1006.8,1007.8,,74.4
20-06-2023 00:00,28.6,27.2,34.1,23.1,1.1,13.4,1006.1,1006.8,,69.5
21-06-2023 00:00,27.2,27.4,34,23.4,0.2,13.1,1006.4,1006.1,,70.3
22-06-2023 00:00,27.4,27.3,33.3,23.8,1,13,1006.6,1006.4,,70.6
23-06-2023 00:00,27.3,26.9,32.6,23.5,1.9,12.8,1006.3,1006.6,,73.1
24-06-2023 00:00,26.9,25.2,28.8,22.5,0,11.4,1005.3,1006.3,,91.1
25-06-2023 00:00,25.2,24.4,27,22.1,14,12.5,1005.5,1005.3,,96.6
26-06-2023 00:00,24.4,24.7,27.1,23,10.9,13.5,1006.9,1005.5,,96.9
27-06-2023 00:00,24.7,24,27.6,22.3,7.1,12.9,1006.7,1006.9,,97.4
28-06-2023 00:00,24,24.6,27,22.1,15,12.8,1007.1,1006.7,,96.7
29-06-2023 00:00,24.6,24.3,26.8,22.4,9.9,13.9,1007.3,1007.1,,98.3
30-06-2023 00:00,24.3,24,26,22.3,6.1,16.8,1007.3,1007.3,,98.3
01-07-2023 00:00,24,24.5,26.6,22.3,20.1,14,1008,1007.3,,98.7
02-07-2023 00:00,24.5,24.5,26.5,22.6,3,12.7,1007.4,1008,,94.6
03-07-2023 00:00,24.5,25.9,28.8,22.7,7.9,10.7,1005.5,1007.4,,92.2
04-07-2023 00:00,25.9,25.9,29,23.4,0.3,10.8,1003.5,1005.5,,94.4
05-07-2023 00:00,25.9,25.5,30,23,0.3,10.7,1002,1003.5,,96.6
06-07-2023 00:00,25.5,25.3,28.3,22.6,4.1,13.8,1003.4,1002,,95.4
07-07-2023 00:00,25.3,25.2,27.8,22.8,0.3,16,1004.6,1003.4,,97.1
08-07-2023 00:00,25.2,24.9,26.8,22.6,3,16.6,1006.3,1004.6,,87.1
09-07-2023 00:00,24.9,25.5,28.8,22.8,0,14.7,1007.3,1006.3,,90.7
10-07-2023 00:00,25.5,25.3,28,23,0.5,14,1007.7,1007.3,,80.1
11-07-2023 00:00,25.3,25.5,28,22.4,2,13.8,1007.8,1007.7,,92.8
12-07-2023 00:00,25.5,25.9,29,22.9,0,11.3,1006.8,1007.8,,94.1
13-07-2023 00:00,25.9,25.7,29.8,20.6,0,12.3,1006.6,1006.8,,83.8
14-07-2023 00:00,25.7,24,26.3,22.7,18.4,12.5,1008.1,1006.6,,95.1
15-07-2023 00:00,24,24.3,29,22.2,1.9,14.9,1008.5,1008.1,,92.9
16-07-2023 00:00,24.3,24.6,28,22.7,2,12.2,1007.7,1008.5,,91.2
17-07-2023 00:00,24.6,23.9,25.2,22.4,2,13.8,1006.6,1007.7,,96.4
18-07-2023 00:00,23.9,23.9,25.1,22.4,5.1,16.4,1005.1,1006.6,,99.6
19-07-2023 00:00,23.9,23.4,24.8,22.2,6.1,17.4,1003.2,1005.1,,99.6
20-07-2023 00:00,23.4,24.6,26.8,22.3,18,18.3,1003.4,1003.2,,97.9
21-07-2023 00:00,24.6,24.3,26.6,22.3,472.2,16.1,1005.3,1003.4,,98.1
22-07-2023 00:00,24.3,23.8,25.6,22.1,7.1,16.9,1005.8,1005.3,,99.1
23-07-2023 00:00,23.8,24.2,26.1,22.3,7.1,16.2,1005,1005.8,,98.7
24-07-2023 00:00,24.2,24.3,26,22.2,13,16.1,1005.2,1005,,97.5
25-07-2023 00:00,24.3,23.8,25.3,22.3,8.9,14,1007,1005.2,,98.3
26-07-2023 00:00,23.8,23.8,26.2,21.7,10.9,14.4,1008,1007,,100
27-07-2023 00:00,23.8,23.1,24,21.8,0,17,1008.2,1008,,99.6
28-07-2023 00:00,23.1,23.4,25.1,21.7,10.9,16.6,1008.2,1008.2,,99.1
29-07-2023 00:00,23.4,23.5,26.3,21.9,6.1,15.5,1008.8,1008.2,,97
30-07-2023 00:00,23.5,24.3,27.3,22,3,15.6,1008,1008.8,,87.8
31-07-2023 00:00,24.3,24.4,27.3,22,3,15.6,1007.5,1008,,89.2
01-08-2023 00:00,24.4,24.5,27.3,22.2,5.1,18.5,1007.4,1007.5,,95.9
02-08-2023 00:00,24.5,24.4,27,22.1,2,19.5,1007.9,1007.4,,93
03-08-2023 00:00,24.4,24,25.8,22.6,0.5,19.2,1007.4,1007.9,,94.6
04-08-2023 00:00,24,24.8,27.8,22.4,3,18.3,1008.5,1007.4,,94.3
05-08-2023 00:00,24.8,24.4,26.6,22.2,3,16.7,1010.4,1008.5,,87.8
06-08-2023 00:00,24.4,24.4,26.6,22.4,2,17.1,1009.8,1010.4,,90.8
07-08-2023 00:00,24.4,25.1,27.6,22.6,0.8,18.4,1008.1,1009.8,,94.6
08-08-2023 00:00,25.1,25.2,28.6,22.6,0,16.1,1008.4,1008.1,,91.6
09-08-2023 00:00,25.2,25.4,29.3,22.5,0.8,14.4,1010.6,1008.4,,90.4
10-08-2023 00:00,25.4,25.1,28.6,22.5,0.3,12.6,1011.3,1010.6,,72.3
11-08-2023 00:00,25.1,25,28.3,21.7,0,11.5,1010.7,1011.3,,69.8
12-08-2023 00:00,25,25,28.6,22,0,14,1010.4,1010.7,,78.2
13-08-2023 00:00,25,24.7,27.6,21.9,1,14.9,1009.2,1010.4,,86.6
14-08-2023 00:00,24.7,25.6,29.2,22.1,0,15.1,1009.3,1009.2,,87.4
15-08-2023 00:00,25.6,24.3,26.4,22.2,0.5,11.7,1010,1009.3,,86.4
16-08-2023 00:00,24.3,25.2,30,22.4,0.5,13.2,1010.2,1010,,63.2
17-08-2023 00:00,25.2,24.1,26.3,22.1,0,12.6,1010.6,1010.2,,86.9
18-08-2023 00:00,24.1,24.9,28.8,22.1,1,14.5,1009,1010.6,,87.9
19-08-2023 00:00,24.9,24.3,27.6,18.7,1,14.4,1007.8,1009,,97.5
20-08-2023 00:00,24.3,23.8,26.9,22.2,2,14,1008,1007.8,,73.9
21-08-2023 00:00,23.8,25.1,29.3,21.9,3,12.5,1008.4,1008,,61.7
22-08-2023 00:00,25.1,23.9,28.3,21.5,0,10.9,1008.6,1008.4,,88.6
23-08-2023 00:00,23.9,24.9,28.6,21.8,3,13,1008.4,1008.6,,86.3
24-08-2023 00:00,24.9,25,29,21.4,0,13.2,1007.6,1008.4,,81.5
25-08-2023 00:00,25,24.2,27,22.1,2,12.1,1007.7,1007.6,,87.3
26-08-2023 00:00,24.2,24.4,28.1,21.8,0,12.3,1009.1,1007.7,,85.4
27-08-2023 00:00,24.4,25.2,29.6,22,6.1,12.7,1010,1009.1,,79
28-08-2023 00:00,25.2,24.5,28,21.5,0,13.1,1009.5,1010,,72.9
29-08-2023 00:00,24.5,25.4,30.2,21.4,0.5,10.1,1009.2,1009.5,,66.4
30-08-2023 00:00,25.4,25.9,31,21.2,0,7.4,1010,1009.2,,55.2
31-08-2023 00:00,25.9,25.2,33.3,21.7,0.6,6,1009.6,1010,,55.7
01-09-2023 00:00,25.2,25.6,31.3,22.7,5.6,6,1009.4,1009.6,,65.7
02-09-2023 00:00,25.6,23.7,26.2,23.1,20.1,7.6,1009.6,1009.4,,96.3
03-09-2023 00:00,23.7,24.6,28.8,21.7,7.9,8.6,1008.4,1009.6,,91.6
04-09-2023 00:00,24.6,24.9,28,22.1,0,10,1007.3,1008.4,,85.4
05-09-2023 00:00,24.9,24.4,29.6,21.1,0.5,9.6,1006.8,1007.3,,62.9
06-09-2023 00:00,24.4,24.4,29.6,21.5,0.5,12.1,1006.8,1006.8,,71.3
07-09-2023 00:00,24.4,23.8,26.8,22,8.9,14.4,1006.7,1006.8,,95
08-09-2023 00:00,23.8,22.7,23.3,21.1,10.9,13.9,1007,1006.7,,99.6
09-09-2023 00:00,22.7,24.4,25.6,22,11.9,14.6,1007.1,1007,,96.3
10-09-2023 00:00,24.4,25.6,28.3,22.6,0,14.8,1007.1,1007.1,,92.4
11-09-2023 00:00,25.6,24.6,29.8,22.5,2.8,13.9,1007.6,1007.1,,75.6
12-09-2023 00:00,24.6,24.2,29.6,21.8,0.2,12.9,1008.4,1007.6,,72
13-09-2023 00:00,24.2,24.3,29.1,21.6,2.7,12.8,1007.9,1008.4,,82.2
14-09-2023 00:00,24.3,24,28.3,21.3,2.1,11.4,1008,1007.9,,65.2
15-09-2023 00:00,24,25.2,29.6,21,0,11.8,1007.8,1008,,84.8
16-09-2023 00:00,25.2,23.9,27.1,22.4,0,15.1,1007.6,1007.8,,94.2
17-09-2023 00:00,23.9,24.2,28.1,21.7,1,15.5,1006.8,1007.6,,93.3
18-09-2023 00:00,24.2,25.3,28.3,22.2,2,14.6,1006.8,1006.8,,80.5
19-09-2023 00:00,25.3,26.7,29.8,22,2,13.9,1008.7,1006.8,,73.7
20-09-2023 00:00,26.7,25.5,29.8,22.4,0,11.4,1008.9,1008.7,,86.6
21-09-2023 00:00,25.5,25.4,29,23.1,0,8.4,1009,1008.9,,87.2
22-09-2023 00:00,25.4,24.6,29.2,22.2,4.1,5.8,1009.5,1009,,97.5
23-09-2023 00:00,24.6,23.6,27.8,21.8,8.9,5.7,1009.9,1009.5,,96.2
24-09-2023 00:00,23.6,24.5,29.8,21.7,25.9,7.9,1010.2,1009.9,,94.1
25-09-2023 00:00,24.5,25.4,30.6,21.9,7.1,7.5,1009,1010.2,,90.8
26-09-2023 00:00,25.4,23.7,29.3,21.9,0,5.2,1009.2,1009,,80.9
27-09-2023 00:00,23.7,23.7,27.6,21.7,38.1,4.4,1008.5,1009.2,,93.3
28-09-2023 00:00,23.7,24.9,30.8,21.7,6.1,4.8,1007.4,1008.5,,82.1
29-09-2023 00:00,24.9,24.8,28.8,21.9,5.1,5.4,1007,1007.4,,74.7
30-09-2023 00:00,24.8,25.3,28.3,22.3,17,8.6,1006.9,1007,,91.2
01-10-2023 00:00,25.3,24.5,28.6,21.9,11.9,7.7,1006.9,1006.9,,98.2
02-10-2023 00:00,24.5,24.1,27.1,21.3,5.1,9.5,1009.7,1006.9,,95.4
03-10-2023 00:00,24.1,25.9,31,21.7,0,7.1,1010.7,1009.7,,78.3
04-10-2023 00:00,25.9,26.2,32.3,22.4,0,5.8,1011.5,1010.7,,60.2
05-10-2023 00:00,26.2,24.3,31.9,20.7,0,5.1,1011.3,1011.5,,59.6
06-10-2023 00:00,24.3,24.1,32.6,19.4,0,5,1010.5,1011.3,,40
07-10-2023 00:00,24.1,24.8,33,21.2,0,4.7,1010.6,1010.5,,45.8
08-10-2023 00:00,24.8,25.3,32.8,21.7,0,4.4,1011.7,1010.6,,39.6
09-10-2023 00:00,25.3,25.3,33.3,21.2,0,4.9,1013,1011.7,,28.5
10-10-2023 00:00,25.3,25.3,33.8,20.4,0,4.9,1012.8,1013,,39.3
11-10-2023 00:00,25.3,25.4,33.3,20.7,0,4.6,1012.6,1012.8,,31.9
12-10-2023 00:00,25.4,25.6,33,21.2,0,5.6,1013.1,1012.6,,36.8
13-10-2023 00:00,25.6,25.9,33.8,20.9,0,5.8,1013.7,1013.1,,32
14-10-2023 00:00,25.9,25.2,33.6,20.2,0,5.5,1013.6,1013.7,,23
15-10-2023 00:00,25.2,25.6,34.1,20.4,0,4.3,1012.1,1013.6,,30.8
16-10-2023 00:00,25.6,25.6,33.3,21.3,0,5.2,1011.9,1012.1,,38.8
17-10-2023 00:00,25.6,26,33.3,21.4,0,5.6,1013.2,1011.9,,30.9
18-10-2023 00:00,26,25.7,33.3,21.2,0,5.8,1014,1013.2,,28.1
19-10-2023 00:00,25.7,25.8,33.3,21.9,0,4.7,1013.6,1014,,61.2
20-10-2023 00:00,25.8,25.1,31.6,22.1,2.1,5.5,1013.8,1013.6,,51.8
21-10-2023 00:00,25.1,25.5,32,22,0.1,6,1014.3,1013.8,,47.4
22-10-2023 00:00,25.5,25.6,32.6,20.7,0,6,1014.5,1014.3,,59.5
23-10-2023 00:00,25.6,25.3,33.4,19.2,0,5.6,1013.5,1014.5,,51.3
24-10-2023 00:00,25.3,25.5,32.6,19.4,0,5.3,1013.1,1013.5,,41
25-10-2023 00:00,25.5,25.1,31.6,19.2,0,6.1,1014.6,1013.1,,38.2
26-10-2023 00:00,25.1,24.2,31.8,18.2,0,6.9,1015.1,1014.6,,50.3
27-10-2023 00:00,24.2,23.3,31.1,15.2,0,7,1013.8,1015.1,,25.7
28-10-2023 00:00,23.3,23.4,31.6,15.4,0,6.4,1013.5,1013.8,,3.3
29-10-2023 00:00,23.4,23.4,31.3,16.1,0,6.6,1013.2,1013.5,,7.6
30-10-2023 00:00,23.4,23.8,31.3,16.4,0,6.9,1013,1013.2,,10.2
31-10-2023 00:00,23.8,23.8,30.6,17.7,0,7.3,1013.8,1013,,21.4
01-11-2023 00:00,23.8,23.1,30.8,16.1,0,6.4,1014.5,1013.8,,3.1
02-11-2023 00:00,23.1,23.6,31.1,15.4,0,6,1013.5,1014.5,,21.5
03-11-2023 00:00,23.6,23.9,31,16.9,0,6.3,1011.7,1013.5,,50.7
04-11-2023 00:00,23.9,24.2,31.2,17.4,0,6.4,1011.5,1011.7,,50.4
05-11-2023 00:00,24.2,24.7,31.3,18.9,0,6.6,1012.8,1011.5,,71.5
06-11-2023 00:00,24.7,23.9,30.6,17.1,0,8,1014.1,1012.8,,75.2
07-11-2023 00:00,23.9,24.4,31,16.9,0,5.9,1013.8,1014.1,,66.9
08-11-2023 00:00,24.4,24.6,28.3,21.7,0.7,7.1,1013.3,1013.8,,74.9
09-11-2023 00:00,24.6,24.3,31.8,20.1,6.5,7.4,1014,1013.3,,68.8
10-11-2023 00:00,24.3,23.5,29.8,20.9,2.9,6,1015.5,1014,,76.3
11-11-2023 00:00,23.5,24.4,30.8,20.1,0,6.5,1015.7,1015.5,,57.3
12-11-2023 00:00,24.4,24.1,31,18.7,0,6.4,1015.6,1015.7,,31.2
13-11-2023 00:00,24.1,23.9,30.6,18.7,0,4.7,1015.3,1015.6,,56.6
14-11-2023 00:00,23.9,23.4,31.1,18.1,0,4.5,1014.5,1015.3,,31.1
15-11-2023 00:00,23.4,22.8,30.1,17.7,0,6.5,1014.4,1014.5,,18.9
16-11-2023 00:00,22.8,22.3,29.8,15.4,0,5.3,1014.7,1014.4,,10.7
17-11-2023 00:00,22.3,22.3,29,15.2,0,6.5,1014.8,1014.7,,2.4
18-11-2023 00:00,22.3,22.6,30.6,15.2,0,5.5,1013.8,1014.8,,5.2
19-11-2023 00:00,22.6,24,31.3,17.9,0,4.9,1013.6,1013.8,,20.7
20-11-2023 00:00,24,24.2,30.6,19.6,0,6.7,1014,1013.6,,29.4
21-11-2023 00:00,24.2,23.3,29.8,18.2,0,7.1,1014,1014,,16
22-11-2023 00:00,23.3,23.3,30.6,15.7,0,5.7,1013.2,1014,,6.1
23-11-2023 00:00,23.3,23.2,30,16.2,0,4.8,1011.4,1013.2,,29.3
24-11-2023 00:00,23.2,23.4,29.2,18.1,1,7.3,1011.7,1011.4,,38.1
25-11-2023 00:00,23.4,23.4,29.3,18.4,1,7.7,1013.4,1011.7,,50.6
26-11-2023 00:00,23.4,23.3,31,21.3,3.4,8.7,1013.5,1013.4,,59.4
27-11-2023 00:00,23.3,22.7,29.8,19.6,0.5,5.7,1012.3,1013.5,,50
28-11-2023 00:00,22.7,22.6,27.8,20.1,0,4.7,1011.5,1012.3,,35.6
29-11-2023 00:00,22.6,22.7,29.3,18,0,5.8,1012.2,1011.5,,42.5
30-11-2023 00:00,22.7,22.8,30.6,18.6,0,6.1,1012.7,1012.2,,30.2
01-12-2023 00:00,22.8,22.4,30.8,17.4,0,4.4,1012.6,1012.7,,27.1
02-12-2023 00:00,22.4,23.1,30,17.9,0.1,7.9,1011.6,1012.6,,41.8
03-12-2023 00:00,23.1,23.2,30.6,18.2,0,7.2,1012.3,1011.6,,40.2
04-12-2023 00:00,23.2,23.5,29.3,18.2,0,6,1011.5,1012.3,,69.8
05-12-2023 00:00,23.5,22.8,29.1,17.7,0,6.1,1010.5,1011.5,,85.8
06-12-2023 00:00,22.8,22.2,26,18.7,0,5.6,1011.8,1010.5,,66.5
07-12-2023 00:00,22.2,21.4,27.1,15.9,0.4,4.5,1012.6,1011.8,,45.4
08-12-2023 00:00,21.4,21.8,28.4,16.1,0,5.2,1013,1012.6,,51.6
09-12-2023 00:00,21.8,22.2,29,16.7,0,6.2,1013.9,1013,,37
10-12-2023 00:00,22.2,22.2,30.1,16.4,0,6.1,1013.2,1013.9,,40.7
11-12-2023 00:00,22.2,22.7,29.5,17.7,0,4.6,1013.4,1013.2,,45.7
12-12-2023 00:00,22.7,22.2,29.8,17.2,0,4.5,1012.4,1013.4,,48.8
13-12-2023 00:00,22.2,21.6,29.1,15.7,0,5.5,1013,1012.4,,32
14-12-2023 00:00,21.6,21,28,15.1,0,7.9,1014.7,1013,,0.3
15-12-2023 00:00,21,20.3,27.3,13.9,0,7.1,1015.8,1014.7,,1.2
16-12-2023 00:00,20.3,20.2,27,13.1,0,6.6,1015.2,1015.8,,18.2
17-12-2023 00:00,20.2,20.7,26.6,14.9,0,8,1014.6,1015.2,,20.9
18-12-2023 00:00,20.7,21.1,26.6,15.4,0,10.1,1015.6,1014.6,,57.3
19-12-2023 00:00,21.1,20.8,26.2,16.1,0,9.7,1016.7,1015.6,,83.1
20-12-2023 00:00,20.8,19.8,27.1,13.7,0,7,1016.5,1016.7,,69.3
21-12-2023 00:00,19.8,21,28.8,16.2,0,5.7,1015.3,1016.5,,67.4
22-12-2023 00:00,21,21.4,29.1,15.1,0,4.8,1015.2,1015.3,,83.1
23-12-2023 00:00,21.4,21,29.8,13.7,0,6.3,1015.8,1015.2,,35.5
24-12-2023 00:00,21,20.7,29.1,12.7,0,6.7,1017.5,1015.8,,67.6
25-12-2023 00:00,20.7,21.3,28.6,14.3,0,9.2,1017.2,1017.5,,15.4
26-12-2023 00:00,21.3,22.2,30.7,15.3,0,6.7,1016.7,1017.2,,0.5
27-12-2023 00:00,22.2,21.6,30.3,13.7,0,6.3,1017,1016.7,,15.6
28-12-2023 00:00,21.6,21.5,29.6,13.4,0,6.9,1015.4,1017,,49.3
29-12-2023 00:00,21.5,21.4,29.8,13.9,0,5.9,1015.4,1015.4,,41.8
30-12-2023 00:00,21.4,21,30.6,12.9,0,5.5,1014.8,1015.4,,1.4
31-12-2023 00:00,21,22.1,30.3,13.9,0,6.5,1014.1,1014.8,,9.8
01-01-2024 00:00,22.1,22,29.4,14.1,0,5.9,1014.3,1014.1,,14.5
02-01-2024 00:00,22,22.2,30.1,14.4,0,5.3,1013.3,1014.3,,9.6
03-01-2024 00:00,22.2,22.3,29.7,17.1,0,5.8,1012.5,1013.3,,13.9
04-01-2024 00:00,22.3,21.7,28.8,16.7,0,5.2,1012.7,1012.5,,13.1
05-01-2024 00:00,21.7,21.3,28.2,15.2,0,5.1,1012.8,1012.7,,33.8
06-01-2024 00:00,21.3,21.8,28,15.2,0,6.1,1013.3,1012.8,,35.8
07-01-2024 00:00,21.8,22.4,29,16.4,0.5,7,1013.5,1013.3,,42
08-01-2024 00:00,22.4,22.4,29.3,16.7,0.1,10,1014,1013.5,,42.9
09-01-2024 00:00,22.4,20.6,25.7,18.5,0,8.3,1014.4,1014,,72.2
10-01-2024 00:00,20.6,21,24.6,17.9,7.3,5.9,1015.2,1014.4,,62.8
11-01-2024 00:00,21,22.3,30.6,18.5,0,5.4,1015.2,1015.2,,19.2
12-01-2024 00:00,22.3,22.6,31.3,16.4,0,6.4,1014.7,1015.2,,8.6
13-01-2024 00:00,22.6,23.1,32.5,16.1,0,5.2,1015.1,1014.7,,8.5
14-01-2024 00:00,23.1,23.2,32.1,16.4,0,6,1015.1,1015.1,,3.1
15-01-2024 00:00,23.2,21.1,31.1,13.4,0,5.8,1014.6,1015.1,,0.4
16-01-2024 00:00,21.1,20,31.1,11.7,0,5.6,1012.6,1014.6,,19.7
17-01-2024 00:00,20,20,30.1,13.2,0,7.1,1011.7,1012.6,,2.4
18-01-2024 00:00,20,19,27.3,12.2,0,6.1,1013.4,1011.7,,22.1
19-01-2024 00:00,19,19.9,30.6,12.4,0,6.6,1013.2,1013.4,,14
20-01-2024 00:00,19.9,20.9,30,14.7,0,7.2,1013.9,1013.2,,4.8
21-01-2024 00:00,20.9,20.6,28.6,14.2,0,5.7,1014.5,1013.9,,29
22-01-2024 00:00,20.6,21.2,31,13.9,0,7,1015,1014.5,,72.4
23-01-2024 00:00,21.2,19.5,28.2,12.7,0,5.1,1015.1,1015,,50.1
24-01-2024 00:00,19.5,19.1,27.6,11.7,0,6.2,1015.4,1015.1,,38.1
25-01-2024 00:00,19.1,18.9,27.4,10.7,0,6.3,1016.9,1015.4,,1.7
26-01-2024 00:00,18.9,20.5,30,11.1,0,5.7,1017.7,1016.9,,33.2
27-01-2024 00:00,20.5,21.9,29.8,13.9,0,6.3,1017.6,1017.7,,76.8
28-01-2024 00:00,21.9,22.7,30.6,14.2,0,4.9,1016.7,1017.6,,57.2
29-01-2024 00:00,22.7,22.6,30.3,15.2,0,5.2,1016.1,1016.7,,83
30-01-2024 00:00,22.6,22.4,30.6,13.9,0,6.1,1015.2,1016.1,,27
31-01-2024 00:00,22.4,22.1,29.4,14.9,0,8.5,1014.8,1015.2,,46.3
01-02-2024 00:00,22.1,20.2,29,12.7,0,6.7,1015.7,1014.8,,13.9
02-02-2024 00:00,20.2,20.8,29,13.9,0,6.4,1016.1,1015.7,,11.2
03-02-2024 00:00,20.8,22.1,30.6,13.7,0,7,1016.2,1016.1,,0.2
04-02-2024 00:00,22.1,24.1,32.1,15.1,0,5.5,1016.6,1016.2,,8.6
05-02-2024 00:00,24.1,24.9,34.3,17.4,0,5.6,1016.3,1016.6,,7.9
06-02-2024 00:00,24.9,25.1,33.8,16.9,0,5.6,1016.1,1016.3,,0.5
07-02-2024 00:00,25.1,24.9,34.1,17.1,0,5.6,1016.6,1016.1,,1.9
08-02-2024 00:00,24.9,23.3,32,15.2,0,5.9,1016.1,1016.6,,21.7
09-02-2024 00:00,23.3,23.7,33,14.4,0,6.3,1015.3,1016.1,,7.4
10-02-2024 00:00,23.7,23.4,34.6,14.1,0,6.3,1016.1,1015.3,,0
11-02-2024 00:00,23.4,22.8,32.8,13.1,0,8.6,1016.5,1016.1,,20.1
12-02-2024 00:00,22.8,23.2,32.1,14.1,0,6.6,1015.8,1016.5,,79.7
13-02-2024 00:00,23.2,23.1,32.6,14.2,0,6.8,1015.5,1015.8,,82.1
14-02-2024 00:00,23.1,23.2,30.6,14.7,0,6.2,1015.3,1015.5,,86.8
15-02-2024 00:00,23.2,24.2,32,15.1,0,7,1014.5,1015.3,,47.1
16-02-2024 00:00,24.2,25,33.8,18.2,0,7.7,1014.7,1014.5,,26.3
17-02-2024 00:00,25,25.2,34.1,16.4,0,5.4,1013.6,1014.7,,17
18-02-2024 00:00,25.2,25.2,33.6,16.2,0,6.6,1012.4,1013.6,,1.9
19-02-2024 00:00,25.2,24.7,33.3,15.4,0,6.9,1013.1,1012.4,,2.7
20-02-2024 00:00,24.7,24,33.8,13.9,0,7.9,1013.5,1013.1,,21.8
21-02-2024 00:00,24,22.6,31.8,15.1,0,9.8,1013.1,1013.5,,6.8
22-02-2024 00:00,22.6,21.9,31.1,14.1,0,9.3,1013.5,1013.1,,21.1
23-02-2024 00:00,21.9,22,31.3,12.7,0,6.6,1013.5,1013.5,,0
24-02-2024 00:00,22,22.6,32.8,13.4,0,6.7,1012.7,1013.5,,0.4
25-02-2024 00:00,22.6,23.5,31.5,12.1,0,6.9,1012,1012.7,,0
26-02-2024 00:00,23.5,25.1,33.6,15.4,0,7.2,1011.5,1012,,19.1
27-02-2024 00:00,25.1,26.7,33.3,19.1,0,6.8,1012.6,1011.5,,38.3
28-02-2024 00:00,26.7,26.5,33.8,18.4,0,6.5,1012.6,1012.6,,23.2
29-02-2024 00:00,26.5,27.2,35,19.4,0,9,1012.4,1012.6,,27.4
01-03-2024 00:00,27.2,27,35.1,21.1,0.3,7.2,1012.8,1012.4,,45.6
02-03-2024 00:00,27,25.5,33,18.9,2,9.4,1012.9,1012.8,,17
03-03-2024 00:00,25.5,24.4,30.6,18.3,0,11.6,1013,1012.9,,25.6
04-03-2024 00:00,24.4,22.6,33.3,14.4,0,7.7,1013.2,1013,,24.5
05-03-2024 00:00,22.6,23.9,33.3,14.2,0,6.7,1013.2,1013.2,,1.4
06-03-2024 00:00,23.9,24.1,34.3,15.7,0,7.4,1013,1013.2,,18.5
07-03-2024 00:00,24.1,24.6,33.8,11.9,0,6.3,1012.7,1013,,6.7
08-03-2024 00:00,24.6,26.6,34.6,16.1,0,7.4,1012.8,1012.7,,4.2
09-03-2024 00:00,26.6,26.4,34.6,15.4,0,6.9,1012.9,1012.8,,0
10-03-2024 00:00,26.4,26.3,35.6,16.1,0,6.5,1013.6,1012.9,,0
11-03-2024 00:00,26.3,26.7,35.8,16.4,0,7.3,1015,1013.6,,0
12-03-2024 00:00,26.7,27.4,35.8,17.9,0,7.4,1013.8,1015,,1.7
13-03-2024 00:00,27.4,26.1,34.6,16.9,0,7.7,1013.1,1013.8,,6.6
14-03-2024 00:00,26.1,25.7,35,16.4,0,7,1013.4,1013.1,,0
15-03-2024 00:00,25.7,25,35,15.7,0,7.4,1012.5,1013.4,,0.6
16-03-2024 00:00,25,25.8,34,16.4,0,7.3,1012.4,1012.5,,25.9
17-03-2024 00:00,25.8,26.2,35.3,17.7,0,7.6,1012.3,1012.4,,8.2
18-03-2024 00:00,26.2,25.9,34.3,16.7,0,8.6,1012.3,1012.3,,28.3
19-03-2024 00:00,25.9,26.2,35.1,17.7,0,8.1,1012.1,1012.3,,3.4
20-03-2024 00:00,26.2,26.5,35.1,15.9,0,7.2,1012,1012.1,,2.9
21-03-2024 00:00,26.5,27.1,35.8,15.1,0,8.3,1011,1012,,18.4
22-03-2024 00:00,27.1,27.3,36.3,20.1,0,7.1,1009.5,1011,,11.9
23-03-2024 00:00,27.3,27.7,36.3,18.7,0,6.5,1009.6,1009.5,,6.9
24-03-2024 00:00,27.7,28.3,36.1,19.1,0,7.2,1010.9,1009.6,,16.8
25-03-2024 00:00,28.3,28.9,37.6,20.1,0,7.3,1011.3,1010.9,,6
26-03-2024 00:00,28.9,29.4,38,20.1,0,8.9,1011.4,1011.3,,3.8
27-03-2024 00:00,29.4,29.3,38.8,21.7,0,8.7,1012.7,1011.4,,25.1
28-03-2024 00:00,29.3,29.8,36.2,23.2,0,9.4,1012,1012.7,,31.5
29-03-2024 00:00,29.8,29.8,35.9,23.6,0,10,1011.2,1012,,40.8
30-03-2024 00:00,29.8,29.8,35.5,22.8,0,10,1012.5,1011.2,,31.9
31-03-2024 00:00,29.8,30.7,35.6,23.1,0,10.2,1013.2,1012.5,,48.6
01-04-2024 00:00,30.7,30.5,36.6,22.3,0,9.7,1010.3,1013.2,,55.5
02-04-2024 00:00,30.5,29,36.3,20.7,0,9.8,1009.1,1010.3,,33
03-04-2024 00:00,29,28.6,38.3,20.4,0,8.2,1009.6,1009.1,,46.4
04-04-2024 00:00,28.6,29.4,39.1,21.4,0,8.3,1010,1009.6,,49.4
05-04-2024 00:00,29.4,29.9,38.8,20.4,0,7.6,1009.6,1010,,31.1
06-04-2024 00:00,29.9,30.4,38.3,20.7,0,8.8,1008.6,1009.6,,20.8
07-04-2024 00:00,30.4,29.3,38.1,21.9,0,8.6,1008.4,1008.6,,28.3
08-04-2024 00:00,29.3,28.7,38.1,19.1,0,7.6,1009,1008.4,,10.3
09-04-2024 00:00,28.7,29.2,38.3,20.9,0,9.2,1009.1,1009,,3.5
10-04-2024 00:00,29.2,29.2,38.6,19.9,0,8.3,1009.1,1009.1,,1.9
11-04-2024 00:00,29.2,29.7,38,20.7,0,8,1009.5,1009.1,,22.7
12-04-2024 00:00,29.7,29.1,36.8,22.2,0,9.7,1009.6,1009.5,,31.3
13-04-2024 00:00,29.1,28.2,38.6,18.9,0,8.6,1010,1009.6,,13.7
14-04-2024 00:00,28.2,28.7,38.8,18.8,0,6.8,1010.5,1010,,15.4
15-04-2024 00:00,28.7,31,38.6,22.4,0,7.2,1010.4,1010.5,,33.2
16-04-2024 00:00,31,32.8,36.9,24.7,0.2,9.6,1010,1010.4,,33.4
17-04-2024 00:00,32.8,32.5,36.5,25.3,0,10.3,1009.5,1010,,56.4
18-04-2024 00:00,32.5,31.1,37.7,24.4,0,10.3,1009.3,1009.5,,47.1
19-04-2024 00:00,31.1,31.1,39,24.6,0,9.2,1007.2,1009.3,,36.5
20-04-2024 00:00,31.1,29.9,38.8,22.7,0,8.1,1007.9,1007.2,,40.1
21-04-2024 00:00,29.9,29.4,37.6,21.7,0,7.1,1008.2,1007.9,,39
22-04-2024 00:00,29.4,30.2,37.8,22.4,0,7,1008.5,1008.2,,18.3
23-04-2024 00:00,30.2,30.2,38.3,22.2,0,7.4,1007.5,1008.5,,21.5
24-04-2024 00:00,30.2,30.5,37.1,23.4,0,7,1006.8,1007.5,,41.3
25-04-2024 00:00,30.5,30.5,38.1,23.4,0.1,7.3,1007.3,1006.8,,33.1
26-04-2024 00:00,30.5,31.4,39.3,24.9,0,7.1,1007.1,1007.3,,37.5
27-04-2024 00:00,31.4,32.1,39.6,24.4,0,7.4,1007.2,1007.1,,20.9
28-04-2024 00:00,32.1,33.1,40.1,24.2,0,8.3,1007,1007.2,,21.4
29-04-2024 00:00,33.1,33.1,41.3,24.1,0,7.3,1008.1,1007,,9.6
30-04-2024 00:00,33.1,32.4,40.6,23.7,0,9.4,1007.1,1008.1,,9.9
01-05-2024 00:00,32.4,30.3,35.6,23.8,0,14.6,1006.8,1007.1,,3
02-05-2024 00:00,30.3,29.2,39.3,20.5,0,9.5,1006.3,1006.8,,0.5
03-05-2024 00:00,29.2,29.1,38.3,19.6,0,8.2,1007.5,1006.3,,0
04-05-2024 00:00,29.1,30.1,39.1,21.7,0,9.3,1008.1,1007.5,,28.6
05-05-2024 00:00,30.1,30.4,40.1,22.9,0,9.9,1006.7,1008.1,,21.5
06-05-2024 00:00,30.4,29.8,37.8,22.9,0,10.4,1007.5,1006.7,,1.1
07-05-2024 00:00,29.8,28.7,39.1,21.9,0,11.2,1008.8,1007.5,,10.2
08-05-2024 00:00,28.7,28.9,38.3,22.4,0,9.6,1008.2,1008.8,,16.3
09-05-2024 00:00,28.9,28.8,38.6,22.1,0.2,10.7,1007.5,1008.2,,32.7
10-05-2024 00:00,28.8,27.9,37.6,21.9,6.7,7.7,1009.1,1007.5,,45.4
11-05-2024 00:00,27.9,28.3,37,20.7,2.7,5.7,1009.6,1009.1,,41.5
12-05-2024 00:00,28.3,27.5,32.2,23.2,0.8,5.2,1010.2,1009.6,,45.7
13-05-2024 00:00,27.5,27.7,35.8,23.9,0.3,5.7,1009.7,1010.2,,42.8
14-05-2024 00:00,27.7,28.9,36.6,22.9,0,6.6,1009.4,1009.7,,32.5
15-05-2024 00:00,28.9,29.8,36.6,22.1,0,6.3,1009,1009.4,,25.3
16-05-2024 00:00,29.8,27.3,35.8,22.7,13,7,1009.4,1009,,41.7
17-05-2024 00:00,27.3,29.2,35.3,23.7,3,6.7,1008.1,1009.4,,51.3
18-05-2024 00:00,29.2,29.9,37,23.9,0,6.4,1006.1,1008.1,,35.3
19-05-2024 00:00,29.9,29.5,38,24.9,0,8.5,1004.9,1006.1,,57.7
20-05-2024 00:00,29.5,30.8,37,24.4,6.1,9,1004.4,1004.9,,69.6
21-05-2024 00:00,30.8,32.6,39.4,24.8,0.3,9.8,1003.7,1004.4,,62.4
22-05-2024 00:00,32.6,31.2,38.1,25.1,0,8,1003.9,1003.7,,83.4
23-05-2024 00:00,31.2,31.3,36.6,26,0,9.2,1002.9,1003.9,,56.6
24-05-2024 00:00,31.3,29.6,37.1,24.7,0,12.4,1002.4,1002.9,,44
25-05-2024 00:00,29.6,28.1,35.6,24.2,0,16.6,1003.8,1002.4,,59.8
26-05-2024 00:00,28.1,28.3,35.3,24.2,0,16.7,1004.7,1003.8,,69
27-05-2024 00:00,28.3,26.7,29.6,24.2,0,17,1005,1004.7,,88.9
28-05-2024 00:00,26.7,28.1,35.1,24.2,0,18.8,1004.7,1005,,60.8
29-05-2024 00:00,28.1,27.8,35.1,23.7,0,16.3,1005.1,1004.7,,40
30-05-2024 00:00,27.8,28.5,35.6,23.2,0,15.2,1006,1005.1,,25.9
31-05-2024 00:00,28.5,28.9,36.1,24.3,0.1,13.5,1006.9,1006,,32
01-06-2024 00:00,28.9,29.2,36.1,24,0.3,12.2,1006.6,1006.9,,32.9
02-06-2024 00:00,29.2,29.2,35.8,24.2,0.3,11.6,1007,1006.6,,75.4
03-06-2024 00:00,29.2,28.8,34.2,24.3,1.3,9.6,1007.4,1007,,87.3
04-06-2024 00:00,28.8,27.1,34.8,22.9,0,7.4,1008.4,1007.4,,87.6
05-06-2024 00:00,27.1,27.1,34.3,23.5,68.1,9,1008.5,1008.4,,87.8
06-06-2024 00:00,27.1,27.8,34,24,8.9,8.9,1008.9,1008.5,,89.8
07-06-2024 00:00,27.8,27.2,32.1,23.3,14,8.3,1007.2,1008.9,,93
08-06-2024 00:00,27.2,26.1,33.7,22.4,0,9.5,1006.2,1007.2,,82.5
09-06-2024 00:00,26.1,24.7,28.3,21.9,117.1,8.9,1006.1,1006.2,,97.3
10-06-2024 00:00,24.7,25.2,30.1,21.9,13,10.6,1007.2,1006.1,,96.8
11-06-2024 00:00,25.2,26.8,30,22.8,7.9,11.7,1007.5,1007.2,,95.5
12-06-2024 00:00,26.8,27.4,31.8,23.2,0,10.1,1008.4,1007.5,,87.6
13-06-2024 00:00,27.4,27.3,31,23.2,1,10.6,1008.1,1008.4,,89
14-06-2024 00:00,27.3,26.6,29.8,23.1,0,11.6,1007.3,1008.1,,81.2
15-06-2024 00:00,26.6,27,31.1,23,0,10.8,1006.6,1007.3,,76.2
16-06-2024 00:00,27,27.3,32.6,23,0.5,8,1006.9,1006.6,,74.3
17-06-2024 00:00,27.3,27.3,33.2,23.1,5.1,8.4,1007.1,1006.9,,86.3
18-06-2024 00:00,27.3,27.1,31.1,23.5,0.8,12.1,1007,1007.1,,78.3
19-06-2024 00:00,27.1,26.4,29.8,22.9,0,14.2,1005.2,1007,,87
20-06-2024 00:00,26.4,26.2,31.1,23.1,0,13.9,1004.3,1005.2,,84.4
21-06-2024 00:00,26.2,26.4,29.6,23.9,6.1,14,1004.7,1004.3,,79.2
22-06-2024 00:00,26.4,27.7,32,23.8,0.8,11.3,1003.3,1004.7,,74
23-06-2024 00:00,27.7,26.8,30.3,23.3,0,10.1,1002.3,1003.3,,90.9
24-06-2024 00:00,26.8,27.7,32.1,23.1,0.5,8.5,1000.9,1002.3,,81.2
25-06-2024 00:00,27.7,27.1,32.1,23.7,0.3,12.9,999.7,1000.9,,86.7
26-06-2024 00:00,27.1,26.5,29.3,23.8,0.5,14.3,1000.1,999.7,,94.1
27-06-2024 00:00,26.5,25.6,28.3,23.5,0.5,15.2,1002.4,1000.1,,94.6
28-06-2024 00:00,25.6,25.3,27.8,22.9,1,17.1,1003.5,1002.4,,95.9
29-06-2024 00:00,25.3,25.9,28.3,23.4,5.1,15.7,1004.6,1003.5,,96.7
30-06-2024 00:00,25.9,26,28.1,23.4,0,15.1,1005,1004.6,,96.5
01-07-2024 00:00,26,26.2,29.3,23.2,2,19.1,1004.1,1005,,87.9
02-07-2024 00:00,26.2,25.6,27.3,23.3,4.1,15.4,1003.7,1004.1,,93
03-07-2024 00:00,25.6,26.9,29.8,23.9,13,16.4,1004.3,1003.7,,85.3
04-07-2024 00:00,26.9,26.2,29.8,24.2,0.3,14.9,1005.5,1004.3,,92.8
05-07-2024 00:00,26.2,26.1,27.6,23.8,0.8,14.9,1003.7,1005.5,,91.6
06-07-2024 00:00,26.1,26.1,28.8,23.3,1,16.4,1002.6,1003.7,,95
07-07-2024 00:00,26.1,26.1,29,23.1,2,12.4,1003.8,1002.6,,96.2
08-07-2024 00:00,26.1,24.6,28.6,22.2,0,9.6,1004.1,1003.8,,97.3
09-07-2024 00:00,24.6,24.7,28.6,21.8,16,10.2,1004.6,1004.1,,93.2
10-07-2024 00:00,24.7,26,31.1,21.8,0,12.4,1007.3,1004.6,,85.8
11-07-2024 00:00,26,25.4,29.7,22.3,0,13.1,1006.9,1007.3,,92.3
12-07-2024 00:00,25.4,24.3,27.6,21.4,2,12.9,1005.1,1006.9,,97.5
13-07-2024 00:00,24.3,24.3,26,22,0,17.5,1004.6,1005.1,,98.2
14-07-2024 00:00,24.3,23.5,26.3,22.1,9.7,13.9,1002.9,1004.6,,98.3
15-07-2024 00:00,23.5,24.6,29.6,22.7,3.6,12.1,1001.8,1002.9,,94.2
16-07-2024 00:00,24.6,24.7,28.3,22.6,8.8,12.6,1001.6,1001.8,,95.5
17-07-2024 00:00,24.7,25,28,22.7,0,12.7,1003.2,1001.6,,94.6
18-07-2024 00:00,25,24.5,26.1,22.8,6.1,15.2,1003.8,1003.2,,95.1
19-07-2024 00:00,24.5,25,26.3,22.9,2,16.5,1002,1003.8,,96.2
20-07-2024 00:00,25,24.5,25.8,22.6,0,16.4,1002.8,1002,,96.6
21-07-2024 00:00,24.5,24.2,27.1,22.6,6.4,17.3,1003,1002.8,,96.2
22-07-2024 00:00,24.2,24.1,25,22.7,5.1,17.6,1004.9,1003,,97.5
23-07-2024 00:00,24.1,24.2,26.3,22.6,10.9,18.7,1005.5,1004.9,,97.9
24-07-2024 00:00,24.2,23.7,25,22.5,39.9,19.4,1003.1,1005.5,,99.6
25-07-2024 00:00,23.7,22.5,23.1,21.5,114,18.3,1002.5,1003.1,,100
26-07-2024 00:00,22.5,24.9,27.1,21.4,55.9,17.5,1003.5,1002.5,,97.2
27-07-2024 00:00,24.9,24.6,25.3,23.2,2,19.6,1004,1003.5,,97.1
28-07-2024 00:00,24.6,24.2,25.3,22.7,3,17.9,1002,1004,,97.9
29-07-2024 00:00,24.2,24.5,26.3,22.7,8.9,15.3,1001,1002,,98.1
30-07-2024 00:00,24.5,24.5,26,23,7.1,12,1004.5,1001,,92.5
31-07-2024 00:00,24.5,24.8,26.6,22.8,29,12.9,1006.5,1004.5,,95.9
01-08-2024 00:00,24.8,24.8,27.3,22.7,2,14.3,1006.4,1006.5,,97.6
02-08-2024 00:00,24.8,23.8,25.3,22.6,10.9,16.3,1005.9,1006.4,,97.7
03-08-2024 00:00,23.8,24.1,25,22.1,16,17,1006.2,1005.9,,97.8
04-08-2024 00:00,24.1,23.8,24.3,22.6,16,17.7,1006.7,1006.2,,98.8
05-08-2024 00:00,23.8,24.6,26,22.7,39.1,15.9,1007.5,1006.7,,94.5
06-08-2024 00:00,24.6,24.7,26.6,22.4,5.1,13.5,1007.6,1007.5,,91.6
07-08-2024 00:00,24.7,24.7,27,22.4,0,13.3,1007.6,1007.6,,97.2
08-08-2024 00:00,24.7,25,27.8,22.4,2,12.3,1008.5,1007.6,,94.8
09-08-2024 00:00,25,24.1,26.3,22.4,4.1,10.9,1009.4,1008.5,,96.1
10-08-2024 00:00,24.1,24.7,26.8,22.3,0.8,11.5,1009.4,1009.4,,86.8
11-08-2024 00:00,24.7,24.9,28,22.2,0.5,12.4,1007.7,1009.4,,91.9
12-08-2024 00:00,24.9,24.1,27.6,22.1,1.8,13.6,1008,1007.7,,89.2
13-08-2024 00:00,24.1,26.2,31,21.9,0.8,7.8,1007.8,1008,,83.6
14-08-2024 00:00,26.2,26.4,30.6,22.2,0,7.8,1007.7,1007.8,,84.8
15-08-2024 00:00,26.4,25.3,30.1,22.3,0.1,8.2,1006.6,1007.7,,85.4
16-08-2024 00:00,25.3,25.3,31.1,22.2,1.4,8,1005.7,1006.6,,88.6
17-08-2024 00:00,25.3,25.3,31.3,22.4,2.5,5.3,1006.9,1005.7,,90.5
18-08-2024 00:00,25.3,25.2,32.6,23.4,18.3,4.5,1007.6,1006.9,,97.9
19-08-2024 00:00,25.2,25,31.8,23.1,4,3.9,1006.9,1007.6,,94.9
20-08-2024 00:00,25,25.1,28.6,22.7,1.5,4.4,1006.4,1006.9,,89.8
21-08-2024 00:00,25.1,26.2,30.6,22.4,0.5,4.5,1006.8,1006.4,,90
22-08-2024 00:00,26.2,26.7,32.3,23.4,2,3.7,1006.1,1006.8,,91.3
23-08-2024 00:00,26.7,25.5,29,23.5,7.1,9.4,1006.9,1006.1,,96.2
24-08-2024 00:00,25.5,23.4,25,21.8,9.9,11.1,1007.5,1006.9,,99.1
25-08-2024 00:00,23.4,23.4,24.8,21.6,34,16.7,1006.4,1007.5,,99.6
26-08-2024 00:00,23.4,23.7,27,22.1,11.9,16.3,1005.5,1006.4,,96.6
27-08-2024 00:00,23.7,23.7,25.5,21.8,15,16.6,1006.5,1005.5,,97.2
28-08-2024 00:00,23.7,25.1,28.1,21.7,6.1,,,1006.5,,84.5
29-08-2024 00:00,25.1,25.1,29,22.5,1,,,,,78.9
30-08-2024 00:00,25.1,24.4,27.3,22.4,1,,,,,82.9
31-08-2024 00:00,24.4,25.2,28.9,22.1,6.1,,,,,91.8
01-09-2024 00:00,25.2,24.8,27.8,22.7,1,,,,,97.5
02-09-2024 00:00,24.8,24.1,26,22,2,,,,,99.6
03-09-2024 00:00,24.1,25.1,27.3,22.1,1,,,,,97.1
04-09-2024 00:00,25.1,25.1,29,22.5,0,13.7,1008,,,95.6
05-09-2024 00:00,25.1,24.9,28.3,22.2,6.1,13.2,1006.9,1008,,92.3
06-09-2024 00:00,24.9,24.6,27.8,22.4,6.1,13.3,1007.8,1006.9,,84.4
07-09-2024 00:00,24.6,24.8,27.6,22.2,0.5,12.2,1008.5,1007.8,,78.6
08-09-2024 00:00,24.8,24.8,28.3,22,0.5,10.7,1008.5,1008.5,,80.1
09-09-2024 00:00,24.8,25.2,29.3,22.2,2,10.2,1006.2,1008.5,,91.4
10-09-2024 00:00,25.2,24.3,28.1,22,0.5,10.9,1005.5,1006.2,,84.8
11-09-2024 00:00,24.3,24.5,28.8,21.5,2,11.6,1006.5,1005.5,,96.2
12-09-2024 00:00,24.5,24.3,27.8,21.3,0.3,13.8,1008.4,1006.5,,88
13-09-2024 00:00,24.3,24.4,28.6,20.1,0.3,14.1,1009.1,1008.4,,91.9
14-09-2024 00:00,24.4,24.1,28.1,20.1,0,11.5,1008.6,1009.1,,60.5
15-09-2024 00:00,24.1,23.4,25.3,20.8,0,11.3,1009.1,1008.6,,72.2
16-09-2024 00:00,23.4,23.7,29.3,19.4,0,8.5,1009.7,1009.1,,75.7
17-09-2024 00:00,23.7,23.4,29.6,20.9,1.4,9.4,1009.6,1009.7,,59.5
18-09-2024 00:00,23.4,23.4,30.3,18.9,0,8.4,1007.9,1009.6,,45.2
19-09-2024 00:00,23.4,23.9,31.3,20.5,0,7.1,1008.3,1007.9,,45.9
20-09-2024 00:00,23.9,24.6,31.6,21.7,1.1,7,1008.5,1008.3,,64.5
21-09-2024 00:00,24.6,24.7,28.8,22.3,7.4,8,1009.2,1008.5,,85.6
22-09-2024 00:00,24.7,25.8,29.6,22,0.5,7.9,1008.5,1009.2,,76.7
23-09-2024 00:00,25.8,26,29.3,22.5,17,6.1,1007.3,1008.5,,96.3
24-09-2024 00:00,26,24.7,29.6,22.2,5.1,5.4,1005.7,1007.3,,95.9
25-09-2024 00:00,24.7,25,29,22.5,20.1,6.1,1005,1005.7,,97.5
26-09-2024 00:00,25,24.1,27,19.1,133.1,13.3,1004.6,1005,,97.5
27-09-2024 00:00,24.1,24.5,26.1,22.1,6.1,16.1,1006.1,1004.6,,94
28-09-2024 00:00,24.5,24.6,27.1,21.6,4.1,12.4,1009,1006.1,,89.4
29-09-2024 00:00,24.6,26.2,29.8,21.9,2,8.1,1011.1,1009,,68.8
30-09-2024 00:00,26.2,25.5,30.6,21.2,0,4.7,1011.1,1011.1,,54.5
01-10-2024 00:00,25.5,25.9,32.6,22.7,0,4.3,1009.2,1011.1,,68.7
02-10-2024 00:00,25.9,25.4,32.6,23,5.2,5.8,1010,1009.2,,65.5
03-10-2024 00:00,25.4,25,31,21.9,1.6,8.6,1010.1,1010,,71.8
04-10-2024 00:00,25,24.4,31.3,22.1,1,7.5,1010.3,1010.1,,77.4
05-10-2024 00:00,24.4,24.4,32,19.9,0,5.1,1010.6,1010.3,,59
06-10-2024 00:00,24.4,24.6,31.8,21.1,0.8,6.1,1010.9,1010.6,,53.9
07-10-2024 00:00,24.6,25.6,32.1,22,0,7.2,1011.4,1010.9,,52.3
08-10-2024 00:00,25.6,25.2,31.1,22.2,2.5,5.4,1011.7,1011.4,,51.6
09-10-2024 00:00,25.2,25.5,29.8,22.7,0,6,1010,1011.7,,94.4
10-10-2024 00:00,25.5,26.2,30,21.9,2,8.9,1008.5,1010,,78.9
11-10-2024 00:00,26.2,25.6,30.3,22.2,0,11.2,1008.2,1008.5,,91.9
12-10-2024 00:00,25.6,26.3,30.1,22.1,23.1,8.1,1009.1,1008.2,,72.9
13-10-2024 00:00,26.3,26.6,31.3,22.1,0,6.6,1010,1009.1,,54.1
14-10-2024 00:00,26.6,27,32.8,22.1,0,6.4,1010.5,1010,,70.7
15-10-2024 00:00,27,26.4,31.3,22.3,0,5.1,1010.7,1010.5,,76.5
16-10-2024 00:00,26.4,26.6,30.8,22.4,5.1,5.7,1010.2,1010.7,,90.8
17-10-2024 00:00,26.6,26.5,31.3,23.2,2,7.7,1009.3,1010.2,,88.8
18-10-2024 00:00,26.5,26.8,30,22.9,0.3,8.7,1009.2,1009.3,,91.3
19-10-2024 00:00,26.8,26.2,32.6,22.7,0,5.5,1011.2,1009.2,,86.1
20-10-2024 00:00,26.2,25.5,30.6,21.7,20.1,5.1,1012.3,1011.2,,86.7
21-10-2024 00:00,25.5,25.1,27.4,22,1,5.9,1012.4,1012.3,,84.1
22-10-2024 00:00,25.1,26.4,32,21.3,0,5.1,1012.2,1012.4,,67
23-10-2024 00:00,26.4,26,32.1,22,6.1,5.2,1011.9,1012.2,,46
24-10-2024 00:00,26,25.3,32,21.1,0,5.6,1011.6,1011.9,,44.2
25-10-2024 00:00,25.3,23.9,31.6,19.6,0,5,1011.7,1011.6,,69.8
26-10-2024 00:00,23.9,23.8,32.1,17.7,0,5.7,1011.8,1011.7,,17.2
27-10-2024 00:00,23.8,24,33.1,19.1,0,5.2,1010.3,1011.8,,3.7
28-10-2024 00:00,24,24.6,33.1,19.4,0,4.8,1008.8,1010.3,,23.8
29-10-2024 00:00,24.6,24.2,32.8,20.4,0,5.2,1010,1008.8,,54.4
30-10-2024 00:00,24.2,24.5,32.1,20.7,0,4.6,1011.1,1010,,51.3
31-10-2024 00:00,24.5,25.2,32.1,21.6,2.4,6.2,1012,1011.1,,24.9
01-11-2024 00:00,25.2,25.2,32.1,21.3,0.1,5.5,1013,1012,,37.9
02-11-2024 00:00,25.2,24.6,32,20.4,0,6.2,1013.7,1013,,13.5
03-11-2024 00:00,24.6,24,32,18.2,0,6.5,1013.6,1013.7,,9.2
04-11-2024 00:00,24,23.9,31.1,18.4,0,6.7,1012.7,1013.6,,17.2
05-11-2024 00:00,23.9,23.8,31,18.5,0,6,1013.3,1012.7,,18.8
06-11-2024 00:00,23.8,23.5,31.8,17.4,0,5.5,1014,1013.3,,5.3
07-11-2024 00:00,23.5,23.3,31.1,16.9,0,6.4,1013.9,1014,,10.4
08-11-2024 00:00,23.3,23.1,30.6,16.9,0,7.2,1013.6,1013.9,,4.3
09-11-2024 00:00,23.1,23.2,30.2,16.9,0,6.5,1013.6,1013.6,,6.2
10-11-2024 00:00,23.2,22.9,29.1,16.7,0,6.3,1013.8,1013.6,,21.2
11-11-2024 00:00,22.9,22.7,29.3,16.9,0,7.8,1013.5,1013.8,,13.5
12-11-2024 00:00,22.7,22.3,29.3,16.2,0,7.4,1012.9,1013.5,,0.5
13-11-2024 00:00,22.3,22.6,30.3,15.7,0,7.5,1011.7,1012.9,,2.2
14-11-2024 00:00,22.6,23.8,30.3,15.7,0,7.1,1012.5,1011.7,,41.4
15-11-2024 00:00,23.8,25,29.6,20.4,2.7,5.5,1013.2,1012.5,,76.3
16-11-2024 00:00,25,25.4,30.6,21.1,0.1,6.3,1012.2,1013.2,,59.9
17-11-2024 00:00,25.4,24.8,30.6,19.4,0,7.8,1012.4,1012.2,,28.4
18-11-2024 00:00,24.8,22.6,28.7,17.8,0,10.6,1013.9,1012.4,,1.9
19-11-2024 00:00,22.6,21.5,27.6,15.1,0,8.9,1014.7,1013.9,,0
20-11-2024 00:00,21.5,21,27.5,15.6,0,9.3,1014.2,1014.7,,0
21-11-2024 00:00,21,21.1,28,15.2,0,8,1013.8,1014.2,,0.2
22-11-2024 00:00,21.1,20.9,29,13.7,0,4.7,1013,1013.8,,54.8
23-11-2024 00:00,20.9,21,29,13.9,0,3.8,1013.8,1013,,66
24-11-2024 00:00,21,21,28.3,13.9,0,4.6,1014.1,1013.8,,76.1
25-11-2024 00:00,21,20.3,27.6,13.7,0,7.4,1014,1014.1,,63
26-11-2024 00:00,20.3,19.8,26.6,11.9,0,7.8,1013.8,1014,,40.8
27-11-2024 00:00,19.8,19.6,27.6,11.4,0,7.4,1013.2,1013.8,,54.4
28-11-2024 00:00,19.6,19.4,27.8,10.7,0,10.4,1013.2,1013.2,,44.1
29-11-2024 00:00,19.4,18.8,26.6,10.7,0,8,1013.3,1013.2,,20.4
30-11-2024 00:00,18.8,19.7,28.3,10.9,0,5,1011.8,1013.3,,66.7
01-12-2024 00:00,19.7,21.6,27.3,14.2,0,7.2,1010,1011.8,,96.3
02-12-2024 00:00,21.6,23.7,28,18.7,0,7.9,1009.3,1010,,85.2
03-12-2024 00:00,23.7,24.7,29.3,21.4,0.4,10.1,1010.8,1009.3,,87.8
04-12-2024 00:00,24.7,24.9,29.3,22.1,0.5,9.1,1011.8,1010.8,,80.2
05-12-2024 00:00,24.9,25.7,31.6,20.4,0,4.2,1012.4,1011.8,,25.9
06-12-2024 00:00,25.7,25.2,32,20.9,0,4.1,1012.3,1012.4,,38.2
07-12-2024 00:00,25.2,24.4,31.5,20.1,0,4.1,1011.5,1012.3,,23.2
08-12-2024 00:00,24.4,22.7,31.3,17.2,0,5.4,1011.5,1011.5,,32.6
09-12-2024 00:00,22.7,21,28.8,13.1,0,4,1012.3,1011.5,,15.3
10-12-2024 00:00,21,,28.6,13.2,,,,1012.3,,30.2
11-12-2024 00:00,,,28.8,14.4,,,,,,26.6
12-12-2024 00:00,,21.3,28.6,14.4,0,4.8,1012.9,,,16.2
13-12-2024 00:00,21.3,20.4,27.7,14.1,0,7.3,1013.7,1012.9,,76.3
14-12-2024 00:00,20.4,19.3,27.1,11.9,0,7.2,1015.3,1013.7,,41.8
15-12-2024 00:00,19.3,19.1,29.1,10.7,0,5.6,1016.2,1015.3,,17.1
16-12-2024 00:00,19.1,18.8,28.8,9.7,0,5.5,1015,1016.2,,1.7
17-12-2024 00:00,18.8,19,29.1,8.9,0,4.7,1013.4,1015,,28.8
18-12-2024 00:00,19,18.8,28.2,10.2,0,4.1,1012.8,1013.4,,15.7
19-12-2024 00:00,18.8,19.6,31.3,10.2,0,3.6,1012.1,1012.8,,30.5
20-12-2024 00:00,19.6,21,29.8,13.7,0,4.2,1011.5,1012.1,,43.2
21-12-2024 00:00,21,21.5,29.6,16.2,0,5.5,1011.6,1011.5,,41.1
22-12-2024 00:00,21.5,21.3,29.6,16.7,0,6.8,1012.4,1011.6,,58.7
23-12-2024 00:00,21.3,20.7,26.6,17.3,0,6.1,1012.4,1012.4,,55.3
24-12-2024 00:00,20.7,21.3,28,15.9,0,5.5,1012.7,1012.4,,42.8
25-12-2024 00:00,21.3,22.5,28.6,16.7,0,5.4,1013.6,1012.7,,41.3
26-12-2024 00:00,22.5,22.9,28,18.6,0,5.8,1015.3,1013.6,,53
27-12-2024 00:00,22.9,22.7,27.6,17.4,0.1,6.6,1015.6,1015.3,,41
28-12-2024 00:00,22.7,23.1,30.1,18.1,1.1,5.9,1015.6,1015.6,,49.9
29-12-2024 00:00,23.1,23.2,29.7,18.7,0,4.8,1015.8,1015.6,,46.9
30-12-2024 00:00,23.2,23.1,30.1,18.2,0,5.2,1016.1,1015.8,,18.3
31-12-2024 00:00,23.1,22.8,31,16.7,0,5.2,1016.2,1016.1,,3.4
,22.8,,,,,1016.2,,,,
